{"cameraMode":{"drawMode":0,"name":"Shaded","section":"Shading Mode"},"sceneLighting":false,"audioPlay":false,"sceneViewState":{"m_AlwaysRefresh":false,"showFog":true,"showSkybox":false,"showFlares":true,"showImageEffects":true,"showParticleSystems":true,"showVisualEffectGraphs":true,"m_FxEnabled":true},"in2DMode":false,"pivot":{"x":21.689502716064454,"y":0.7186728715896606,"z":10.689138412475586},"rotation":{"x":0.0036068661138415338,"y":0.9851984977722168,"z":-0.17044523358345033,"w":0.020671552047133447},"size":3.5028481483459474,"orthographic":false}