{"cameraMode":{"drawMode":0,"name":"Shaded","section":"Shading Mode"},"sceneLighting":false,"audioPlay":false,"sceneViewState":{"m_AlwaysRefresh":false,"showFog":true,"showSkybox":false,"showFlares":true,"showImageEffects":true,"showParticleSystems":true,"showVisualEffectGraphs":true,"m_FxEnabled":true},"in2DMode":false,"pivot":{"x":12.648942947387696,"y":1.8116705417633057,"z":42.831443786621097},"rotation":{"x":0.08823247253894806,"y":-0.9105349183082581,"z":0.2596784830093384,"w":0.30945149064064028},"size":6.031752586364746,"orthographic":false}