{"cameraMode":{"drawMode":0,"name":"Shaded","section":"Shading Mode"},"sceneLighting":false,"audioPlay":false,"sceneViewState":{"m_AlwaysRefresh":false,"showFog":true,"showSkybox":false,"showFlares":true,"showImageEffects":true,"showParticleSystems":true,"showVisualEffectGraphs":true,"m_FxEnabled":true},"in2DMode":false,"pivot":{"x":23.46712875366211,"y":2.0399999618530275,"z":21.880924224853517},"rotation":{"x":-0.007618138566613197,"y":-0.9881526827812195,"z":0.052234262228012088,"w":-0.14418749511241914},"size":0.000016797937860246748,"orthographic":false}