{"cameraMode":{"drawMode":0,"name":"Shaded","section":"Shading Mode"},"sceneLighting":true,"audioPlay":false,"sceneViewState":{"m_AlwaysRefresh":false,"showFog":true,"showSkybox":false,"showFlares":true,"showImageEffects":true,"showParticleSystems":true,"showVisualEffectGraphs":true,"m_FxEnabled":true},"in2DMode":false,"pivot":{"x":-69.58870697021485,"y":-0.31290364265441897,"z":-4.527307987213135},"rotation":{"x":0.03167407959699631,"y":-0.9562423825263977,"z":0.2680591940879822,"w":0.11298103630542755},"size":3.9671316146850588,"orthographic":false}