{"cameraMode":{"drawMode":0,"name":"Shaded","section":"Shading Mode"},"sceneLighting":false,"audioPlay":false,"sceneViewState":{"m_AlwaysRefresh":false,"showFog":true,"showSkybox":false,"showFlares":true,"showImageEffects":true,"showParticleSystems":true,"showVisualEffectGraphs":true,"m_FxEnabled":true},"in2DMode":false,"pivot":{"x":34.647308349609378,"y":2.51393461227417,"z":30.220632553100587},"rotation":{"x":0.004221653565764427,"y":-0.955180287361145,"z":0.29579946398735049,"w":0.013785903342068196},"size":3.2862050533294679,"orthographic":false}